{"k":[-0.038861,0.007740,-0.010753,0.003348],"f":[0.339277,0.450718],"c":[0.5,0.5],"maxfov":190}
