{"k":[0.037070,-0.007602,-0.006942,0.000701],"f":[0.241451,0.322547],"c":[0.5,0.5],"maxfov":190}
